<FluentXMLReport>
<version>
Fluent
Version: 2d, pbns, vof, rke, transient (2d, pressure-based, VOF, realizable k-epsilon, transient)
Release: 19.0.0
Title: 
</version>

<Models>

Models
------

   Model                        Settings                                
   ------------------------------------------------------------------
   Space                        2D                                      
   Time                         Unsteady, 1st-Order Implicit            
   Viscous                      Realizable k-epsilon turbulence model   
   Wall Treatment               Standard Wall Functions                 
   Heat Transfer                Disabled                                
   Solidification and Melting   Disabled                                
   Species                      Disabled                                
   Coupled Dispersed Phase      Disabled                                
   NOx Pollutants               Disabled                                
   SOx Pollutants               Disabled                                
   Soot                         Disabled                                
   Mercury Pollutants           Disabled                                

</Models>

<MaterialProperties>
Material Properties
-------------------

   Material: water-liquid (fluid)

      Property                        Units     Method     Value(s)   
      -------------------------------------------------------------
      Density                         kg/m3     constant   998.2      
      Cp (Specific Heat)              j/kg-k    constant   4182       
      Thermal Conductivity            w/m-k     constant   0.6        
      Viscosity                       kg/m-s    constant   0.001003   
      Molecular Weight                kg/kmol   constant   18.0152    
      Thermal Expansion Coefficient   1/k       constant   0          
      Speed of Sound                  m/s       none       #f         

   Material: air (fluid)

      Property                        Units     Method     Value(s)     
      ---------------------------------------------------------------
      Density                         kg/m3     constant   1.225        
      Cp (Specific Heat)              j/kg-k    constant   1006.43      
      Thermal Conductivity            w/m-k     constant   0.0242       
      Viscosity                       kg/m-s    constant   1.7894e-05   
      Molecular Weight                kg/kmol   constant   28.966       
      Thermal Expansion Coefficient   1/k       constant   0            
      Speed of Sound                  m/s       none       #f           

   Material: aluminum (solid)

      Property               Units    Method     Value(s)   
      ---------------------------------------------------
      Density                kg/m3    constant   2719       
      Cp (Specific Heat)     j/kg-k   constant   871        
      Thermal Conductivity   w/m-k    constant   202.4      

</MaterialProperties>

<CellZoneConditions>
Cell Zone Conditions
--------------------

   Zones

      name   id   type    
      -----------------
      sym1   4    fluid   

   Setup Conditions

      sym1

         Condition       Value   
         ---------------------
         Frame Motion?   no      
         Mesh Motion?    no      

</CellZoneConditions>

<BoundaryConditions>
Boundary Conditions
-------------------

   Zones

      name      id   type              
      ------------------------------
      ambient   6    pressure-outlet   
      inlet     5    mass-flow-inlet   
      outlet    7    pressure-outlet   
      wall      8    wall              

   Setup Conditions

      ambient

         Condition   Value   
         -----------------

      inlet

         Condition                        Value   
         --------------------------------------
         Direction Specification Method   1       

      outlet

         Condition   Value   
         -----------------

      wall

         Condition                  Value   
         --------------------------------
         Wall Motion                0       
         Shear Boundary Condition   0       

</BoundaryConditions>

<SolverSettings>
Solver Settings
---------------

   Equations

      Equation          Solved   
      ------------------------
      Flow              yes      
      Volume Fraction   yes      
      Turbulence        yes      

   Numerics

      Numeric                         Enabled   
      ---------------------------------------
      Absolute Velocity Formulation   yes       

   Unsteady Calculation Parameters

                                             
      ------------------------------------
      Time Step (s)                   0.01   
      Max. Iterations Per Time Step   20     

   Relaxation

      Variable                     Relaxation Factor   
      ----------------------------------------------
      Pressure                     0.3                 
      Density                      1                   
      Body Forces                  1                   
      Momentum                     0.30000001          
      Turbulent Kinetic Energy     0.5                 
      Turbulent Dissipation Rate   0.5                 
      Turbulent Viscosity          1                   

   Linear Solver

                                   Solver     Termination   Residual Reduction   
      Variable                     Type       Criterion     Tolerance            
      ------------------------------------------------------------------------
      Pressure                     V-Cycle    0.1                                
      X-Momentum                   Flexible   0.1           0.7                  
      Y-Momentum                   Flexible   0.1           0.7                  
      Turbulent Kinetic Energy     Flexible   0.1           0.7                  
      Turbulent Dissipation Rate   Flexible   0.1           0.7                  

   Pressure-Velocity Coupling

      Parameter                     Value   
      -----------------------------------
      Type                          PISO    
      Skewness-Neighbour Coupling   yes     
      Skewness Correction           1       
      Neighbour Correction          1       

   Discretization Scheme

      Variable                     Scheme                
      ------------------------------------------------
      Pressure                     PRESTO!               
      Momentum                     Second Order Upwind   
      Volume Fraction              Geo-Reconstruct       
      Turbulent Kinetic Energy     First Order Upwind    
      Turbulent Dissipation Rate   First Order Upwind    

   Solution Limits

      Quantity                         Limit    
      ---------------------------------------
      Minimum Absolute Pressure        1        
      Maximum Absolute Pressure        5e+10    
      Minimum Temperature              1        
      Maximum Temperature              5000     
      Minimum Turb. Kinetic Energy     1e-14    
      Minimum Turb. Dissipation Rate   1e-20    
      Maximum Turb. Viscosity Ratio    100000   

</SolverSettings>

</FluentXMLReport>