<FluentXMLReport>
<version>
Fluent
Version: 3d, dp, pbns, rke (3d, double precision, pressure-based, realizable k-epsilon)
Release: 19.0.0
Title: 
</version>

<Models>

Models
------

   Model                        Settings                                
   ------------------------------------------------------------------
   Space                        3D                                      
   Time                         Steady                                  
   Viscous                      Realizable k-epsilon turbulence model   
   Wall Treatment               Standard Wall Functions                 
   Heat Transfer                Enabled                                 
   Solidification and Melting   Disabled                                
   Radiation                    None                                    
   Species                      Disabled                                
   Coupled Dispersed Phase      Disabled                                
   NOx Pollutants               Disabled                                
   SOx Pollutants               Disabled                                
   Soot                         Disabled                                
   Mercury Pollutants           Disabled                                

</Models>

<MaterialProperties>
Material Properties
-------------------

   Material: water-liquid (fluid)

      Property                        Units     Method     Value(s)   
      -------------------------------------------------------------
      Density                         kg/m3     constant   998.2      
      Cp (Specific Heat)              j/kg-k    constant   4182       
      Thermal Conductivity            w/m-k     constant   0.6        
      Viscosity                       kg/m-s    constant   0.001003   
      Molecular Weight                kg/kmol   constant   18.0152    
      Thermal Expansion Coefficient   1/k       constant   0          
      Speed of Sound                  m/s       none       #f         

   Material: air (fluid)

      Property                        Units     Method     Value(s)     
      ---------------------------------------------------------------
      Density                         kg/m3     constant   1.225        
      Cp (Specific Heat)              j/kg-k    constant   1006.43      
      Thermal Conductivity            w/m-k     constant   0.0242       
      Viscosity                       kg/m-s    constant   1.7894e-05   
      Molecular Weight                kg/kmol   constant   28.966       
      Thermal Expansion Coefficient   1/k       constant   0            
      Speed of Sound                  m/s       none       #f           

   Material: aluminum (solid)

      Property               Units    Method     Value(s)   
      ---------------------------------------------------
      Density                kg/m3    constant   2719       
      Cp (Specific Heat)     j/kg-k   constant   871        
      Thermal Conductivity   w/m-k    constant   202.4      

</MaterialProperties>

<CellZoneConditions>
Cell Zone Conditions
--------------------

   Zones

      name    id   type    
      ------------------
      fluid   2    fluid   

   Setup Conditions

      fluid

         Condition       Value   
         ---------------------
         Material Name   air     
         Frame Motion?   no      

</CellZoneConditions>

<BoundaryConditions>
Boundary Conditions
-------------------

   Zones

      name      id   type              
      ------------------------------
      inlet-z   5    velocity-inlet    
      inlet-y   6    velocity-inlet    
      outlet    7    pressure-outlet   
      wall      8    wall              

   Setup Conditions

      inlet-z

         Condition                        Value   
         --------------------------------------
         Velocity Magnitude (m/s)         5       
         Temperature (c)                  10      
         Turbulent Specification Method   3       
         Hydraulic Diameter (m)           0.08    

      inlet-y

         Condition                        Value   
         --------------------------------------
         Velocity Magnitude (m/s)         1       
         Temperature (c)                  90      
         Turbulent Specification Method   3       
         Hydraulic Diameter (m)           0.06    

      outlet

         Condition                         Value   
         ---------------------------------------
         Backflow Total Temperature (c)    30      
         Turbulent Specification Method    3       
         Backflow Hydraulic Diameter (m)   0.08    

      wall

         Condition                  Value   
         --------------------------------
         Thermal BC Type            0       
         Temperature (c)            25      
         Wall Motion                0       
         Shear Boundary Condition   0       

</BoundaryConditions>

<SolverSettings>
Solver Settings
---------------

   Equations

      Equation     Solved   
      -------------------
      Flow         yes      
      Turbulence   yes      
      Energy       yes      

   Numerics

      Numeric                         Enabled   
      ---------------------------------------
      Absolute Velocity Formulation   yes       

   Relaxation

      Variable                     Relaxation Factor   
      ----------------------------------------------
      Pressure                     0.3                 
      Density                      1                   
      Body Forces                  1                   
      Momentum                     0.7                 
      Turbulent Kinetic Energy     0.8                 
      Turbulent Dissipation Rate   0.8                 
      Turbulent Viscosity          1                   
      Energy                       1                   

   Linear Solver

                                   Solver     Termination   Residual Reduction   
      Variable                     Type       Criterion     Tolerance            
      ------------------------------------------------------------------------
      Pressure                     V-Cycle    0.1                                
      X-Momentum                   Flexible   0.1           0.7                  
      Y-Momentum                   Flexible   0.1           0.7                  
      Z-Momentum                   Flexible   0.1           0.7                  
      Turbulent Kinetic Energy     Flexible   0.1           0.7                  
      Turbulent Dissipation Rate   Flexible   0.1           0.7                  
      Energy                       F-Cycle    0.1                                

   Pressure-Velocity Coupling

      Parameter   Value    
      ------------------
      Type        SIMPLE   

   Discretization Scheme

      Variable                     Scheme                
      ------------------------------------------------
      Pressure                     Second Order          
      Momentum                     Second Order Upwind   
      Turbulent Kinetic Energy     Second Order Upwind   
      Turbulent Dissipation Rate   Second Order Upwind   
      Energy                       Second Order Upwind   

   Solution Limits

      Quantity                         Limit    
      ---------------------------------------
      Minimum Absolute Pressure        1        
      Maximum Absolute Pressure        5e+10    
      Minimum Temperature              1        
      Maximum Temperature              5000     
      Minimum Turb. Kinetic Energy     1e-14    
      Minimum Turb. Dissipation Rate   1e-20    
      Maximum Turb. Viscosity Ratio    100000   

</SolverSettings>

</FluentXMLReport>