<FluentXMLReport>
<version>
Fluent
Version: 3d, dp, pbns, rke (3d, double precision, pressure-based, realizable k-epsilon)
Release: 19.0.0
Title: 
</version>

<Models>

Models
------

   Model                        Settings                                
   ------------------------------------------------------------------
   Space                        3D                                      
   Time                         Steady                                  
   Viscous                      Realizable k-epsilon turbulence model   
   Wall Treatment               Standard Wall Functions                 
   Heat Transfer                Enabled                                 
   Solidification and Melting   Disabled                                
   Radiation                    None                                    
   Species                      Disabled                                
   Coupled Dispersed Phase      Disabled                                
   NOx Pollutants               Disabled                                
   SOx Pollutants               Disabled                                
   Soot                         Disabled                                
   Mercury Pollutants           Disabled                                

</Models>

<MaterialProperties>
Material Properties
-------------------

   Material: gypsum (solid)

      Property               Units    Method     Value(s)   
      ---------------------------------------------------
      Density                kg/m3    constant   2320       
      Cp (Specific Heat)     j/kg-k   constant   1138       
      Thermal Conductivity   w/m-k    constant   0.5        

   Material: air (fluid)

      Property                        Units     Method                     Value(s)     
      -------------------------------------------------------------------------------
      Density                         kg/m3     incompressible-ideal-gas   #f           
      Cp (Specific Heat)              j/kg-k    constant                   1006.43      
      Thermal Conductivity            w/m-k     constant                   0.0242       
      Viscosity                       kg/m-s    constant                   1.7894e-05   
      Molecular Weight                kg/kmol   constant                   28.966       
      Thermal Expansion Coefficient   1/k       constant                   0            
      Speed of Sound                  m/s       none                       #f           

   Material: glass (solid)

      Property               Units    Method     Value(s)   
      ---------------------------------------------------
      Density                kg/m3    constant   2500       
      Cp (Specific Heat)     j/kg-k   constant   800        
      Thermal Conductivity   w/m-k    constant   0.8        

</MaterialProperties>

<CellZoneConditions>
Cell Zone Conditions
--------------------

   Zones

      name    id   type    
      ------------------
      fluid   3    fluid   

   Setup Conditions

      fluid

         Condition       Value   
         ---------------------
         Frame Motion?   no      

</CellZoneConditions>

<BoundaryConditions>
Boundary Conditions
-------------------

   Zones

      name         id   type             
      --------------------------------
      wall-fluid   1    wall             
      up           6    wall             
      down         7    wall             
      north        8    wall             
      south        9    wall             
      window       10   wall             
      east         11   wall             
      air-inlet    12   velocity-inlet   

   Setup Conditions

      wall-fluid

         Condition                  Value   
         --------------------------------
         Material Name              glass   
         Thermal BC Type            1       
         Wall Motion                0       
         Shear Boundary Condition   0       

      up

         Condition                                       Value   
         -----------------------------------------------------
         Wall Thickness (m)                              0.1     
         Thermal BC Type                                 2       
         Convective Heat Transfer Coefficient (w/m2-k)   0.75    
         Free Stream Temperature (c)                     36      
         Wall Motion                                     0       
         Shear Boundary Condition                        0       

      down

         Condition                                       Value   
         -----------------------------------------------------
         Wall Thickness (m)                              0.1     
         Thermal BC Type                                 2       
         Convective Heat Transfer Coefficient (w/m2-k)   2.67    
         Free Stream Temperature (c)                     28      
         Wall Motion                                     0       
         Shear Boundary Condition                        0       

      north

         Condition                                       Value   
         -----------------------------------------------------
         Wall Thickness (m)                              0.1     
         Thermal BC Type                                 2       
         Convective Heat Transfer Coefficient (w/m2-k)   0.75    
         Free Stream Temperature (c)                     34      
         Wall Motion                                     0       
         Shear Boundary Condition                        0       

      south

         Condition                                       Value   
         -----------------------------------------------------
         Wall Thickness (m)                              0.1     
         Thermal BC Type                                 2       
         Convective Heat Transfer Coefficient (w/m2-k)   0.75    
         Free Stream Temperature (c)                     36      
         Wall Motion                                     0       
         Shear Boundary Condition                        0       

      window

         Condition                                       Value   
         -----------------------------------------------------
         Wall Thickness (m)                              0.01    
         Material Name                                   glass   
         Thermal BC Type                                 5       
         Convective Heat Transfer Coefficient (w/m2-k)   28      
         Free Stream Temperature (c)                     36      
         Wall Motion                                     0       
         Shear Boundary Condition                        0       
         External Radiation Temperature (c)              35      

      east

         Condition                                       Value   
         -----------------------------------------------------
         Wall Thickness (m)                              0.1     
         Thermal BC Type                                 2       
         Convective Heat Transfer Coefficient (w/m2-k)   0.75    
         Free Stream Temperature (c)                     35      
         Wall Motion                                     0       
         Shear Boundary Condition                        0       

      air-inlet

         Condition                        Value   
         --------------------------------------
         Velocity Magnitude (m/s)         5       
         Temperature (c)                  10      
         Turbulent Specification Method   3       
         Hydraulic Diameter (m)           0.133   

</BoundaryConditions>

<SolverSettings>
Solver Settings
---------------

   Equations

      Equation     Solved   
      -------------------
      Flow         yes      
      Turbulence   yes      
      Energy       yes      

   Numerics

      Numeric                         Enabled   
      ---------------------------------------
      Absolute Velocity Formulation   yes       

   Relaxation

      Variable                     Relaxation Factor   
      ----------------------------------------------
      Pressure                     0.3                 
      Density                      1                   
      Body Forces                  1                   
      Momentum                     0.7                 
      Turbulent Kinetic Energy     0.8                 
      Turbulent Dissipation Rate   0.8                 
      Turbulent Viscosity          1                   
      Energy                       1                   

   Linear Solver

                                   Solver     Termination   Residual Reduction   
      Variable                     Type       Criterion     Tolerance            
      ------------------------------------------------------------------------
      Pressure                     V-Cycle    0.1                                
      X-Momentum                   Flexible   0.1           0.7                  
      Y-Momentum                   Flexible   0.1           0.7                  
      Z-Momentum                   Flexible   0.1           0.7                  
      Turbulent Kinetic Energy     Flexible   0.1           0.7                  
      Turbulent Dissipation Rate   Flexible   0.1           0.7                  
      Energy                       F-Cycle    0.1                                

   Pressure-Velocity Coupling

      Parameter   Value    
      ------------------
      Type        SIMPLE   

   Discretization Scheme

      Variable                     Scheme                
      ------------------------------------------------
      Pressure                     Second Order          
      Momentum                     Second Order Upwind   
      Turbulent Kinetic Energy     Second Order Upwind   
      Turbulent Dissipation Rate   Second Order Upwind   
      Energy                       Second Order Upwind   

   Solution Limits

      Quantity                         Limit    
      ---------------------------------------
      Minimum Absolute Pressure        1        
      Maximum Absolute Pressure        5e+10    
      Minimum Temperature              1        
      Maximum Temperature              5000     
      Minimum Turb. Kinetic Energy     1e-14    
      Minimum Turb. Dissipation Rate   1e-20    
      Maximum Turb. Viscosity Ratio    100000   

</SolverSettings>

</FluentXMLReport>